"","x","freq"
"1","",272
"2","a",236
"3","aahooxv",1
"4","aaron",1
"5","aayvfqufz",1
"6","abbott",1
"7","able",6
"8","abou",1
"9","about",28
"10","above",2
"11","abwioiypk",1
"12","abyss",1
"13","academy",2
"14","access",12
"15","accessible",2
"16","accomplish",1
"17","accomplished",1
"18","accomplishments",1
"19","according",1
"20","account",1
"21","accountant",1
"22","accounts",1
"23","achieve",1
"24","achieved",1
"25","achievement",1
"26","achievements",1
"27","acros",1
"28","across",17
"29","act",26
"30","action",19
"31","actions",4
"32","add",2
"33","additional",1
"34","address",8
"35","administered",7
"36","administering",1
"37","administr",1
"38","administration",17
"39","admissions",1
"40","adolescents",2
"41","adrmzdfr",1
"42","adult",7
"43","adults",3
"44","advance",1
"45","advancement",1
"46","adversity",1
"47","advisor",1
"48","advisory",1
"49","advocate",1
"50","aemfieo",1
"51","afccdi",1
"52","affirmed",1
"53","afford",1
"54","affordable",11
"55","afghanistan",4
"56","afte",1
"57","after",7
"58","afternoon",40
"59","ag",2
"60","again",9
"61","against",14
"62","agencies",1
"63","aggressive",1
"64","aghutoylku",1
"65","aging",1
"66","ago",13
"67","agre",1
"68","agreed",1
"69","agreement",3
"70","agzbrvza",1
"71","ahead",6
"72","ahmaud",1
"73","ainjiedgl",1
"74","aircraft",1
"75","akjjiizse",1
"76","akwmdldc",1
"77","alabama",1
"78","all",40
"79","alliance",1
"80","allocated",1
"81","allowing",1
"82","ally",2
"83","almost",1
"84","alone",1
"85","already",4
"86","also",3
"87","although",1
"88","always",4
"89","alwpopnfn",1
"90","am",12
"91","ambassador",2
"92","ambitious",1
"93","ambrice",1
"94","amcwhwlt",1
"95","ame",2
"96","amer",2
"97","ameri",1
"98","america",74
"99","american",141
"100","americans",44
"101","amlyupum",1
"102","amp",6
"103","ampgmoahh",1
"104","amtrak",5
"105","an",54
"106","analysis",1
"107","and",320
"108","andhmyyfub",1
"109","andres",2
"110","angels",1
"111","anger",1
"112","anniversary",6
"113","announce",2
"114","announced",7
"115","announcement",2
"116","announcin",1
"117","announcing",4
"118","another",4
"119","answer",1
"120","anything",1
"121","aootchmqom",1
"122","aopdofych",1
"123","applaud",2
"124","appointment",1
"125","appreciation",1
"126","approached",1
"127","approaches",1
"128","april",2
"129","arbery",1
"130","are",73
"131","arizona",1
"132","armed",3
"133","arms",3
"134","aroinqktr",1
"135","around",10
"136","arqflf",1
"137","arze",1
"138","as",95
"139","ash",1
"140","asian",11
"141","aside",1
"142","ask",1
"143","asked",2
"144","asking",1
"145","aspects",1
"146","aspirations",1
"147","assault",2
"148","assistance",3
"149","at",39
"150","atdtvdp",1
"151","athvgiof",1
"152","atlanta",3
"153","atmzvgwz",1
"154","attacks",1
"155","attorney",2
"156","august",1
"157","austin",2
"158","aut",1
"159","authority",1
"160","authorization",2
"161","avfaisktve",1
"162","away",1
"163","awe",1
"164","awfdeqhke",1
"165","axmxhvzz",1
"166","b",2
"167","back",36
"168","backbone",3
"169","background",4
"170","ballot",1
"171","ban",3
"172","bank",2
"173","bargai",1
"174","bargain",1
"175","barrier",1
"176","bases",1
"177","battery",1
"178","battl",1
"179","battle",1
"180","battling",1
"181","bay",1
"182","baylor",1
"183","bbqjxwej",1
"184","bbywond",1
"185","bdusgyusxl",1
"186","be",52
"187","bear",1
"188","bears",1
"189","beat",2
"190","beautiful",1
"191","because",12
"192","become",1
"193","becoming",3
"194","been",24
"195","before",10
"196","began",2
"197","begin",1
"198","begun",2
"199","behind",2
"200","being",2
"201","belief",1
"202","beliefs",1
"203","believe",9
"204","belong",2
"205","below",1
"206","benefits",1
"207","best",6
"208","bet",5
"209","better",6
"210","betwee",1
"211","between",5
"212","bggnwoq",1
"213","bicentennial",1
"214","biden",2
"215","big",13
"216","biggest",2
"217","bilatera",1
"218","bilateral",4
"219","bilgwdyftm",1
"220","bill",3
"221","billion",2
"222","bills",1
"223","biontech",1
"224","bipartisan",6
"225","bipartisanship",1
"226","biphobia",1
"227","birthday",3
"228","bkavokcn",1
"229","black",6
"230","blades",1
"231","blankets",1
"232","blepcr",1
"233","bless",1
"234","blewitts",1
"235","blhvrstnkr",1
"236","block",1
"237","bloody",1
"238","blow",1
"239","blue",3
"240","blueprint",3
"241","bmcgyzkdh",1
"242","bnrxpzyu",1
"243","bnuxqlrze",1
"244","boeaznfog",1
"245","bogged",1
"246","bold",5
"247","bolxhuaky",1
"248","bones",1
"249","books",2
"250","boots",1
"251","bor",1
"252","both",2
"253","bottom",4
"254","bowl",1
"255","box",1
"256","brave",2
"257","bravery",1
"258","brayden",1
"259","breaks",2
"260","breakthrough",1
"261","breathe",1
"262","breonna",1
"263","brian",1
"264","bridges",3
"265","briefed",1
"266","briefing",1
"267","bright",1
"268","brighter",1
"269","brilliant",1
"270","bring",4
"271","bringing",1
"272","brink",2
"273","broadband",1
"274","broken",1
"275","broug",1
"276","brought",3
"277","brown",1
"278","btvqlyysd",1
"279","buccaneers",1
"280","build",15
"281","building",4
"282","built",3
"283","bulldogs",1
"284","burden",1
"285","burma",1
"286","burns",1
"287","business",2
"288","businesses",13
"289","busy",1
"290","but",40
"291","buxiaybb",1
"292","buzibwgj",1
"293","bvibnobv",1
"294","bvwfpchn",1
"295","bwdhkbeu",1
"296","bwtnxfyimt",1
"297","by",33
"298","bywfklzeo",1
"299","bzwzolxs",1
"300","c",5
"301","cabinet",2
"302","cadets",1
"303","cal",1
"304","call",2
"305","called",3
"306","calling",3
"307","campaign",1
"308","can",62
"309","canadianpm",1
"310","cancer",2
"311","candle",1
"312","cannot",5
"313","capacity",2
"314","car",1
"315","care",17
"316","career",1
"317","careers",1
"318","caregivers",1
"319","caregiving",2
"320","carolina",1
"321","carried",1
"322","carries",1
"323","cascading",1
"324","case",1
"325","cases",2
"326","caucus",4
"327","caused",2
"328","cbwfwpxh",1
"329","cdc",8
"330","cdupsmnux",1
"331","ceasefire",1
"332","celebrate",8
"333","celebrating",4
"334","celebrations",1
"335","center",8
"336","centers",3
"337","central",1
"338","century",5
"339","ceos",1
"340","certainly",1
"341","cfdtbo",1
"342","cfzjqkr",1
"343","cha",1
"344","chains",2
"345","challenge",1
"346","challenges",2
"347","championship",1
"348","chance",3
"349","change",12
"350","changed",2
"351","character",1
"352","charge",2
"353","charitable",1
"354","charles",2
"355","charlesmichel",1
"356","chart",1
"357","chase",1
"358","chasing",2
"359","chauvin",2
"360","check",4
"361","checks",8
"362","chescuo",1
"363","chetdisg",1
"364","chfxrwp",1
"365","child",7
"366","childbirth",1
"367","childcare",1
"368","children",3
"369","chinese",1
"370","chip",1
"371","chocolate",1
"372","choice",4
"373","choose",3
"374","christian",1
"375","christians",1
"376","citadel",1
"377","cities",1
"378","citizens",1
"379","citizenship",2
"380","city",1
"381","civil",1
"382","civilians",1
"383","ckaiuigxwu",1
"384","ckuywlvv",1
"385","class",8
"386","classmates",1
"387","classroom",2
"388","clea",1
"389","clean",4
"390","clear",13
"391","clearing",1
"392","climate",14
"393","clinic",1
"394","clock",3
"395","close",4
"396","closely",1
"397","closer",2
"398","closing",3
"399","cluvocp",1
"400","cnfxoithx",1
"401","cnn",1
"402","cnrbbmtd",1
"403","co",621
"404","coast",2
"405","cod",1
"406","coefevqxs",1
"407","collar",3
"408","collectively",2
"409","college",4
"410","colonial",1
"411","colorado",1
"412","columbus",1
"413","combat",1
"414","combating",1
"415","come",4
"416","comes",14
"417","coming",2
"418","comm",1
"419","commencement",2
"420","commerce",1
"421","commitment",5
"422","committed",3
"423","committee",1
"424","common",3
"425","communiti",1
"426","communities",8
"427","community",8
"428","commute",1
"429","companies",3
"430","compete",2
"431","competing",1
"432","competition",2
"433","competitive",1
"434","competitiveness",1
"435","complex",1
"436","complicated",1
"437","complicit",1
"438","complicity",1
"439","compromise",2
"440","concer",1
"441","conference",1
"442","confident",1
"443","confirm",1
"444","confirmation",2
"445","confusio",1
"446","congrats",1
"447","congratulated",1
"448","congratulations",4
"449","congre",1
"450","congress",17
"451","congressional",5
"452","congressman",2
"453","consequences",1
"454","constitution",1
"455","contain",4
"456","continue",2
"457","continued",1
"458","continuing",1
"459","contracts",1
"460","contributions",1
"461","control",7
"462","conusbp",1
"463","conversation",1
"464","convinced",1
"465","coordinated",2
"466","core",3
"467","coronavirus",1
"468","corporate",2
"469","corporations",6
"470","cost",1
"471","costs",1
"472","costson",1
"473","could",2
"474","coun",1
"475","council",1
"476","countless",8
"477","country",36
"478","county",2
"479","coup",1
"480","courage",1
"481","courageously",1
"482","course",3
"483","coverage",1
"484","covers",1
"485","covi",3
"486","covid",49
"487","cpcllqfri",1
"488","create",6
"489","created",5
"490","creating",2
"491","credit",2
"492","crescent",1
"493","crimes",3
"494","crises",4
"495","crisis",11
"496","critical",4
"497","cross",1
"498","crossed",1
"499","crowd",1
"500","crucial",1
"501","crumbling",1
"502","csazccku",1
"503","csjnqxcm",1
"504","cuban",1
"505","cudndidqy",1
"506","cut",5
"507","cwjdcruz",1
"508","cxbypv",1
"509","cydsdacop",1
"510","czgnadesoe",1
"511","d",4
"512","dad",1
"513","daily",1
"514","darkness",1
"515","data",1
"516","daunte",1
"517","day",25
"518","days",21
"519","ddewvubakx",1
"520","de",1
"521","deal",6
"522","dealt",1
"523","dear",1
"524","dearborn",1
"525","death",2
"526","deaths",2
"527","decade",1
"528","decades",1
"529","decisions",1
"530","decisive",1
"531","declared",1
"532","dedicated",1
"533","dedication",1
"534","deep",2
"535","defend",1
"536","defender",1
"537","defending",1
"538","defense",5
"539","defies",1
"540","delfmv",1
"541","delive",2
"542","deliver",11
"543","delivering",15
"544","delivers",1
"545","democracy",3
"546","democratic",4
"547","democrats",3
"548","demonstration",1
"549","denied",2
"550","department",3
"551","deploying",1
"552","deptofdefense",1
"553","derek",2
"554","descendant",1
"555","described",1
"556","deserve",2
"557","deserves",5
"558","designed",1
"559","desperately",1
"560","despicable",1
"561","despite",2
"562","det",1
"563","determine",1
"564","devastated",2
"565","dewine",1
"566","dfpqyyjw",1
"567","dgswdxekz",1
"568","did",4
"569","didn",2
"570","die",1
"571","died",1
"572","differ",1
"573","difference",1
"574","different",2
"575","difficult",1
"576","digging",1
"577","digni",1
"578","dignity",4
"579","dijvkdpza",1
"580","dioyttq",1
"581","diplomacy",3
"582","direct",8
"583","directed",1
"584","directing",2
"585","director",1
"586","discover",1
"587","discrimina",1
"588","discriminatory",1
"589","discuss",18
"590","discussion",2
"591","disease",1
"592","distance",1
"593","distanced",2
"594","distribution",1
"595","diversity",1
"596","division",1
"597","divisions",4
"598","djalqjmf",1
"599","djmmbp",1
"600","djncsquz",1
"601","dlyfhnzos",1
"602","dndwzppmc",1
"603","dnxhbdzt",1
"604","do",31
"605","docavite",1
"606","doctors",1
"607","does",2
"608","doesn",1
"609","doing",4
"610","dollars",1
"611","domestic",1
"612","don",11
"613","done",8
"614","door",1
"615","doors",3
"616","doses",6
"617","double",1
"618","doubt",1
"619","down",12
"620","dpbppenvpe",1
"621","dr",3
"622","dreamers",4
"623","dreaming",1
"624","drfrhmsyw",1
"625","drink",1
"626","drinking",3
"627","dtbuwvvi",1
"628","dtmicwsm",1
"629","due",1
"630","during",8
"631","duties",1
"632","duty",2
"633","dvlratojr",1
"634","dwcjpvnhq",1
"635","dxmqlxoayt",1
"636","dxppnxqw",1
"637","dxqkmmefx",1
"638","dyiijetoap",1
"639","dying",1
"640","dymyjkcx",1
"641","dyshlwdig",1
"642","dyxpeepow",1
"643","e",4
"644","each",6
"645","earlier",1
"646","earliest",1
"647","early",2
"648","earned",1
"649","earth",1
"650","easier",3
"651","east",1
"652","easter",3
"653","easy",1
"654","economi",1
"655","economic",9
"656","economics",3
"657","economy",14
"658","edguuop",1
"659","edjuaab",1
"660","educator",1
"661","educators",2
"662","eepgpbb",1
"663","effe",1
"664","effective",1
"665","effor",1
"666","effort",1
"667","efforts",1
"668","egbxumhgn",1
"669","egyptians",1
"670","eid",1
"671","eight",2
"672","either",2
"673","eksdprnur",1
"674","ekvbholavu",1
"675","eldraen",1
"676","elected",1
"677","electric",3
"678","electrician",1
"679","eleven",2
"680","eligibl",1
"681","eligible",10
"682","eliminate",1
"683","em",1
"684","embkmgkgyq",1
"685","embodies",1
"686","emerge",2
"687","emergency",5
"688","employees",1
"689","employment",1
"690","emsgmczvc",1
"691","en",1
"692","encourage",1
"693","end",8
"694","endeavors",1
"695","ends",1
"696","energy",1
"697","enforcement",1
"698","engine",2
"699","enjoy",1
"700","enormous",2
"701","enough",13
"702","enrollment",3
"703","ensur",1
"704","ensure",6
"705","ensuring",1
"706","enter",1
"707","entire",1
"708","epidemic",2
"709","epilznfv",1
"710","episode",1
"711","equal",8
"712","equality",2
"713","equally",1
"714","equip",1
"715","equitable",1
"716","equitably",1
"717","equity",2
"718","era",2
"719","erica",1
"720","essential",3
"721","est",1
"722","establish",2
"723","established",1
"724","estimate",2
"725","et",1
"726","etidldnw",1
"727","eubtgegbti",1
"728","europe",1
"729","european",1
"730","euywdatqo",1
"731","even",1
"732","event",4
"733","ever",6
"734","every",41
"735","everybody",1
"736","everyone",17
"737","everything",2
"738","evgyqcnma",1
"739","evictions",1
"740","evolved",1
"741","evolving",1
"742","ex",1
"743","exacerbated",1
"744","example",2
"745","excited",1
"746","executive",4
"747","exercising",1
"748","existential",1
"749","expand",3
"750","expanding",1
"751","experien",1
"752","experts",1
"753","explain",1
"754","extend",3
"755","extending",1
"756","extraordinarily",1
"757","extraordinary",5
"758","eyes",1
"759","eyqygdyxa",1
"760","ezysdag",1
"761","f",2
"762","fa",2
"763","fabric",1
"764","face",5
"765","facility",2
"766","facing",4
"767","fact",1
"768","fadvwnil",1
"769","fair",4
"770","fairness",1
"771","faith",4
"772","fakvrfelf",1
"773","fall",1
"774","fam",1
"775","families",16
"776","family",15
"777","fanghogn",1
"778","far",8
"779","farm",2
"780","fast",1
"781","faster",2
"782","fate",1
"783","fatehoeb",1
"784","faucet",1
"785","fauci",2
"786","fault",2
"787","fbazqvcbla",1
"788","fda",3
"789","fe",1
"790","fear",2
"791","fearing",2
"792","february",1
"793","federal",5
"794","fedex",1
"795","feed",1
"796","feel",1
"797","feivjih",1
"798","fellow",2
"799","few",4
"800","ffbqncmgc",1
"801","fgkefmkk",1
"802","fhyqyoww",1
"803","fi",1
"804","fidbwzbvv",1
"805","fifty",1
"806","fight",7
"807","fighting",2
"808","fill",1
"809","fimumuart",1
"810","finally",4
"811","find",7
"812","finding",3
"813","finish",2
"814","finished",1
"815","finishing",1
"816","finnegans",1
"817","fire",1
"818","firefighter",1
"819","first",29
"820","firsthand",1
"821","five",1
"822","fix",1
"823","fkbzyyhz",1
"824","fkmeymmbk",1
"825","fkuzcivj",1
"826","flotus",1
"827","floyd",5
"828","fly",1
"829","fo",1
"830","focus",2
"831","folks",24
"832","food",5
"833","for",114
"834","force",2
"835","forces",3
"836","ford",2
"837","fore",1
"838","foreclosures",1
"839","foreign",1
"840","forget",3
"841","forlpxzj",1
"842","formal",1
"843","former",2
"844","fortune",1
"845","forwa",1
"846","forward",10
"847","found",3
"848","foundation",1
"849","founding",1
"850","fountain",1
"851","four",8
"852","fourth",2
"853","foxhmlsdy",1
"854","fr",1
"855","free",8
"856","freedom",1
"857","freedoms",1
"858","friday",1
"859","friend",3
"860","friends",1
"861","friendship",1
"862","from",32
"863","frontline",1
"864","frontlines",1
"865","frrftdx",1
"866","frxegwfo",1
"867","fsltbnrzbo",1
"868","ftbbkuvos",1
"869","ftoctqqmzq",1
"870","ftwkzia",1
"871","fuel",2
"872","full",6
"873","fully",9
"874","fund",1
"875","fundamental",1
"876","funded",1
"877","funding",1
"878","further",2
"879","future",14
"880","fuyxxovpu",1
"881","fvmpcnxrs",1
"882","fxcnftzt",1
"883","g",3
"884","gain",3
"885","gained",1
"886","gap",1
"887","garland",2
"888","gas",1
"889","gather",2
"890","gauntlet",1
"891","gave",3
"892","gaxhkvjh",1
"893","gcgtvsjel",1
"894","gclwlhyquq",1
"895","gdbihumo",1
"896","gdxqgqbzo",1
"897","gehnpyvp",1
"898","gender",3
"899","general",3
"900","generals",1
"901","generation",8
"902","generators",1
"903","geo",1
"904","george",5
"905","georgia",2
"906","get",53
"907","gets",2
"908","getting",9
"909","gfexwgqap",1
"910","gfgtdw",1
"911","ghost",1
"912","ghtrfx",1
"913","giant",5
"914","girls",1
"915","give",10
"916","given",1
"917","gives",2
"918","giving",2
"919","gjfwzisfvd",1
"920","gkanzhkfwq",1
"921","gkmrkwae",1
"922","glad",1
"923","global",2
"924","globally",1
"925","gmofihmi",1
"926","gmpwklhye",1
"927","go",14
"928","goal",9
"929","goals",2
"930","god",1
"931","goin",1
"932","going",16
"933","gone",1
"934","gonzaga",1
"935","good",11
"936","got",4
"937","gotten",2
"938","government",6
"939","governor",2
"940","governors",1
"941","govmurphy",1
"942","gphvywie",1
"943","gpmkjpkdj",1
"944","gpuxpacg",1
"945","gqeenutcx",1
"946","gqkdgqv",1
"947","graduating",1
"948","grateful",4
"949","gratitud",1
"950","gratitude",1
"951","great",9
"952","greater",1
"953","greatest",1
"954","greatly",1
"955","greek",1
"956","greenfield",1
"957","greetings",2
"958","greg",1
"959","grid",1
"960","grim",1
"961","ground",1
"962","group",5
"963","grow",4
"964","growing",1
"965","grxyktrtr",1
"966","gsraihyio",1
"967","guarantees",1
"968","guard",2
"969","guidance",4
"970","guided",1
"971","guilty",2
"972","guktiqe",1
"973","gun",10
"974","guns",1
"975","gusztprw",1
"976","gvxyrucnv",1
"977","gwlhgfbou",1
"978","gxpjtafd",1
"979","gyjktfyu",1
"980","gyryixbct",1
"981","gztmngnlah",1
"982","h",5
"983","had",10
"984","hadikxdr",1
"985","haines",1
"986","hall",1
"987","hands",4
"988","happen",2
"989","happened",1
"990","happiness",1
"991","happy",5
"992","harbor",1
"993","hard",9
"994","hardest",1
"995","hardware",1
"996","hardworking",2
"997","harm",1
"998","harris",13
"999","has",36
"1000","hate",6
"1001","hav",1
"1002","have",82
"1003","having",1
"1004","hawaiian",1
"1005","hcelwj",1
"1006","he",6
"1007","head",5
"1008","heading",1
"1009","heal",1
"1010","healing",1
"1011","health",20
"1012","hear",4
"1013","heard",1
"1014","heari",1
"1015","heart",2
"1016","hearts",1
"1017","heaven",1
"1018","hel",1
"1019","helicopter",1
"1020","helm",1
"1021","help",22
"1022","helped",4
"1023","helpin",1
"1024","helping",2
"1025","helps",2
"1026","henry",1
"1027","her",10
"1028","here",19
"1029","heritage",2
"1030","hero",1
"1031","heroism",1
"1032","hfvemoxk",1
"1033","hgbaewekoa",1
"1034","hgznifg",1
"1035","hide",1
"1036","high",8
"1037","higher",1
"1038","hiixckigzk",1
"1039","him",3
"1040","hinge",1
"1041","hioujkkmv",1
"1042","hired",1
"1043","his",8
"1044","hispanic",1
"1045","historic",7
"1046","historically",1
"1047","history",9
"1048","hit",3
"1049","hklvhhkp",1
"1050","hmrzlmizv",1
"1051","hnljfkxbv",1
"1052","hnqyxrfbwu",1
"1053","ho",1
"1054","hogcrpvil",1
"1055","hold",2
"1056","holders",1
"1057","holding",2
"1058","hole",1
"1059","holocaust",1
"1060","holy",1
"1061","home",4
"1062","homophobia",1
"1063","honor",8
"1064","honored",3
"1065","hope",4
"1066","horrific",2
"1067","hos",2
"1068","hospitalizations",2
"1069","hospitals",1
"1070","host",1
"1071","hosted",2
"1072","hostilities",1
"1073","hosting",3
"1074","hour",2
"1075","hours",2
"1076","house",21
"1077","househol",1
"1078","households",1
"1079","housing",1
"1080","houston",1
"1081","how",12
"1082","hpchnrkr",1
"1083","hpibvoc",1
"1084","hpjawlsrq",1
"1085","hrawfzjcjp",1
"1086","hsprpbxty",1
"1087","hsyqlbqh",1
"1088","htcds",1
"1089","https",616
"1090","hudgov",1
"1091","huizfzre",1
"1092","human",3
"1093","hundred",3
"1094","hundreds",2
"1095","hungry",2
"1096","hupetlgvau",1
"1097","hurting",4
"1098","hvdfndfc",1
"1099","hwlhgycize",1
"1100","hyxejssny",1
"1101","hzeavekl",1
"1102","i",325
"1103","iarudlucp",1
"1104","ichkbmnorc",1
"1105","icnyrn",1
"1106","idea",1
"1107","ideas",1
"1108","identify",1
"1109","identity",2
"1110","idsbetdpij",1
"1111","iemvfmheh",1
"1112","if",24
"1113","igmayocv",1
"1114","ihkoqyhlb",1
"1115","ii",1
"1116","ijdtponkct",1
"1117","ikafixcv",1
"1118","iljwxgjavg",1
"1119","imagine",1
"1120","imagined",1
"1121","immeasurable",1
"1122","immeasurably",1
"1123","immediate",1
"1124","immediately",3
"1125","immigrants",2
"1126","immigrati",1
"1127","immigratio",1
"1128","immigration",3
"1129","immunity",1
"1130","imp",1
"1131","impacted",4
"1132","impeccable",1
"1133","importance",2
"1134","important",2
"1135","imposing",1
"1136","imvhngwly",1
"1137","in",227
"1138","inaction",1
"1139","inc",1
"1140","incident",1
"1141","incidents",1
"1142","including",3
"1143","income",1
"1144","increas",1
"1145","increase",2
"1146","increasing",1
"1147","incredible",2
"1148","independence",3
"1149","independent",3
"1150","india",1
"1151","indianapolis",1
"1152","indigenous",2
"1153","inf",1
"1154","informed",1
"1155","infrastructur",1
"1156","infrastructure",20
"1157","ingenuity",4
"1158","initial",1
"1159","initiative",1
"1160","inju",1
"1161","injustice",1
"1162","innovation",1
"1163","institutes",1
"1164","insurance",3
"1165","insurrection",1
"1166","inte",1
"1167","interest",1
"1168","international",2
"1169","internationalwomensday",2
"1170","internet",5
"1171","into",15
"1172","introduced",3
"1173","inv",1
"1174","inve",1
"1175","invest",5
"1176","invested",1
"1177","investing",1
"1178","investment",6
"1179","investments",1
"1180","inyrfh",1
"1181","ipaotufr",1
"1182","ipddytxm",1
"1183","ipfzjyxs",1
"1184","ireland",2
"1185","irishman",1
"1186","iruuubxgo",1
"1187","is",132
"1188","islander",1
"1189","isn",7
"1190","israel",2
"1191","israelipm",1
"1192","israelis",1
"1193","issue",2
"1194","issued",3
"1195","issues",1
"1196","it",119
"1197","itkvdhoiz",1
"1198","itomnwaqow",1
"1199","itrrkbmgk",1
"1200","iujvgxzfat",1
"1201","ivdkdxeydk",1
"1202","ivxqpt",1
"1203","ixyahhxef",1
"1204","jabznybt",1
"1205","jae",1
"1206","jain",1
"1207","james",1
"1208","janetyellen",1
"1209","january",1
"1210","japanese",2
"1211","japduit",1
"1212","jayanti",1
"1213","jbqapgcc",1
"1214","jcecyoua",1
"1215","jeanhgex",1
"1216","jenks",1
"1217","jessica",1
"1218","jeuyyaar",1
"1219","jewish",3
"1220","jeyjywkqc",1
"1221","jfqdilffd",1
"1222","jiemdjka",1
"1223","jiglsbahkt",1
"1224","jil",1
"1225","jill",11
"1226","jjftrlja",1
"1227","jjkfosl",1
"1228","jkdsyz",1
"1229","jkluxaqcd",1
"1230","jlwntlyyqo",1
"1231","job",6
"1232","jobs",49
"1233","jocelyn",1
"1234","jog",1
"1235","john",3
"1236","johnson",10
"1237","join",10
"1238","joined",2
"1239","joining",3
"1240","joint",3
"1241","jordan",1
"1242","jphmvmnux",1
"1243","jpoygdn",1
"1244","jsijojp",1
"1245","jsuagv",1
"1246","jtdykmxymm",1
"1247","jtgqddwa",1
"1248","judged",1
"1249","judges",1
"1250","july",4
"1251","jumpstart",1
"1252","jururpqqy",1
"1253","jury",1
"1254","just",19
"1255","justice",3
"1256","justin",1
"1257","justintrudeau",5
"1258","jxmkjhyu",1
"1259","jysimy",1
"1260","jzazhkmcj",1
"1261","jzrebxlwa",1
"1262","jzvuzxfd",1
"1263","k",494
"1264","kairmvwd",1
"1265","kalamazoo",2
"1266","keep",10
"1267","keeping",2
"1268","keoviduksl",1
"1269","kept",4
"1270","kfokgfbh",1
"1271","kfuqpofcfz",1
"1272","kid",1
"1273","kids",5
"1274","killer",1
"1275","kind",2
"1276","kkhvvul",1
"1277","kkogoisgwn",1
"1278","kkznaldi",1
"1279","klnjwbqdo",1
"1280","klrrixnan",1
"1281","klsjfq",1
"1282","kmfilbzh",1
"1283","kncfbkjkg",1
"1284","knee",1
"1285","knew",1
"1286","knjfphm",1
"1287","kno",1
"1288","know",18
"1289","known",2
"1290","korea",1
"1291","kpisgmdxx",1
"1292","kpmsqratwy",1
"1293","kqmizxlg",1
"1294","krnxiupwh",1
"1295","kskaujikk",1
"1296","kuauco",1
"1297","kusjzdaawe",1
"1298","kvoxhvo",1
"1299","kvtxwyksvt",1
"1300","kxnkwflokd",1
"1301","kzbuxiayj",1
"1302","kzcdrxjs",1
"1303","kzrcep",1
"1304","l",3
"1305","labor",1
"1306","lack",1
"1307","lady",2
"1308","laid",1
"1309","lake",2
"1310","landing",1
"1311","landmark",1
"1312","largest",1
"1313","laser",1
"1314","last",23
"1315","later",3
"1316","latest",2
"1317","launch",1
"1318","launched",1
"1319","launching",3
"1320","lavhxvaxz",1
"1321","law",12
"1322","lawrence",1
"1323","laws",1
"1324","lay",1
"1325","layowfag",1
"1326","lbwiizsf",1
"1327","lea",1
"1328","lead",1
"1329","leader",1
"1330","leaders",12
"1331","leadership",1
"1332","leading",1
"1333","learned",1
"1334","least",5
"1335","leave",3
"1336","legacy",2
"1337","legal",1
"1338","legislation",4
"1339","length",1
"1340","lent",1
"1341","less",6
"1342","lessen",1
"1343","let",20
"1344","level",2
"1345","lewis",3
"1346","lgbtq",1
"1347","lgpcxws",1
"1348","lgpgkpqh",1
"1349","li",1
"1350","liability",1
"1351","liberty",1
"1352","lie",2
"1353","lies",1
"1354","lif",1
"1355","life",6
"1356","lifeline",1
"1357","liftoff",1
"1358","light",3
"1359","like",10
"1360","likelihood",1
"1361","linda",1
"1362","line",4
"1363","list",1
"1364","listen",1
"1365","live",5
"1366","lived",1
"1367","lives",16
"1368","livestream",1
"1369","living",1
"1370","lkjoitb",1
"1371","lkjslml",1
"1372","ll",12
"1373","lloizanx",1
"1374","llolimmm",1
"1375","lloyd",2
"1376","local",1
"1377","location",1
"1378","long",15
"1379","longer",4
"1380","longest",2
"1381","loo",1
"1382","look",10
"1383","looked",1
"1384","looking",3
"1385","looks",2
"1386","loopholes",4
"1387","lopez",2
"1388","lose",2
"1389","losing",1
"1390","loss",1
"1391","lost",6
"1392","lot",9
"1393","louisiana",1
"1394","louth",1
"1395","love",2
"1396","loved",2
"1397","loyalty",1
"1398","lqsbieeh",1
"1399","lucky",2
"1400","luggfoqa",1
"1401","lunar",1
"1402","lunarnewyear",1
"1403","lvfanrphlw",1
"1404","lvwhgxlx",1
"1405","lwlreuf",1
"1406","lyyooecy",1
"1407","m",58
"1408","madam",2
"1409","made",16
"1410","magazines",2
"1411","mahavir",2
"1412","majority",4
"1413","make",28
"1414","makes",1
"1415","makin",1
"1416","making",8
"1417","man",2
"1418","managed",1
"1419","manuel",2
"1420","manufacturers",1
"1421","manufacturing",3
"1422","many",18
"1423","march",2
"1424","margaret",1
"1425","mark",4
"1426","marks",2
"1427","married",1
"1428","mars",2
"1429","mask",13
"1430","masks",2
"1431","mass",1
"1432","maste",1
"1433","matter",2
"1434","mavlffjckv",1
"1435","may",7
"1436","mayo",1
"1437","mayorkas",1
"1438","mdpmotvtxt",1
"1439","me",18
"1440","meaningful",1
"1441","meant",1
"1442","measures",2
"1443","medal",1
"1444","medical",2
"1445","meet",7
"1446","meeting",11
"1447","megan",2
"1448","meledncvy",1
"1449","mem",2
"1450","members",13
"1451","memorandum",1
"1452","memory",1
"1453","mend",1
"1454","mental",2
"1455","merck",2
"1456","merrick",1
"1457","message",6
"1458","met",17
"1459","mexican",2
"1460","mexico",1
"1461","mfqujrxc",1
"1462","mhwhvgwpsp",1
"1463","michael",1
"1464","michele",1
"1465","michigan",3
"1466","mid",1
"1467","middle",12
"1468","migration",1
"1469","mike",1
"1470","miles",1
"1471","milestone",3
"1472","military",1
"1473","million",23
"1474","millions",9
"1475","mind",1
"1476","minds",3
"1477","minimum",4
"1478","minister",11
"1479","minneapolis",1
"1480","minnesota",1
"1481","mipbnuer",1
"1482","miss",1
"1483","missed",1
"1484","missing",1
"1485","mistake",1
"1486","mlpapljq",1
"1487","mmfwfps",1
"1488","mmvierxa",1
"1489","mobile",1
"1490","mobilized",1
"1491","modern",1
"1492","moderna",1
"1493","modernize",1
"1494","modernizing",1
"1495","mogslux",1
"1496","mom",1
"1497","moment",10
"1498","momentous",1
"1499","moms",3
"1500","mondale",1
"1501","money",2
"1502","month",10
"1503","months",7
"1504","moon",2
"1505","mor",1
"1506","moratorium",2
"1507","more",25
"1508","morning",10
"1509","most",15
"1510","mother",1
"1511","motivation",1
"1512","motive",1
"1513","mounting",2
"1514","mourn",1
"1515","move",2
"1516","moywdtsgj",1
"1517","mpinoe",1
"1518","mqhtecb",1
"1519","mslvvjlrqm",1
"1520","much",9
"1521","multilateral",1
"1522","murdered",1
"1523","murdering",1
"1524","murders",1
"1525","muscled",1
"1526","muslim",1
"1527","must",4
"1528","mutations",1
"1529","mutual",1
"1530","muwrpeocl",1
"1531","mwnizs",1
"1532","mwsusla",1
"1533","my",58
"1534","myclmtyifd",1
"1535","myeigrv",1
"1536","mypwqxvvo",2
"1537","myths",1
"1538","n",5
"1539","na",1
"1540","name",1
"1541","narendramodi",1
"1542","nasa",2
"1543","nat",1
"1544","nation",30
"1545","national",9
"1546","nations",3
"1547","native",1
"1548","naurqclaq",1
"1549","nazyh",1
"1550","ncnqqkshde",1
"1551","ndnyrzbcm",1
"1552","ndsgjtfi",1
"1553","nearly",4
"1554","necessary",1
"1555","neck",1
"1556","need",35
"1557","needed",3
"1558","needs",9
"1559","neighbors",3
"1560","nemtlwxir",1
"1561","netanyahu",2
"1562","never",12
"1563","new",18
"1564","news",2
"1565","nexapgn",1
"1566","next",6
"1567","nextcoatq",1
"1568","ngcwgbavzs",1
"1569","ngnlmtfzvb",1
"1570","ngotrdbzm",1
"1571","nguvefrw",1
"1572","nhxsiuvqrk",1
"1573","night",2
"1574","nih",1
"1575","njfqmkri",1
"1576","njrjqxdcks",1
"1577","nlnifyhln",1
"1578","no",44
"1579","nodbqxmfbw",1
"1580","nominating",1
"1581","nominees",1
"1582","normal",3
"1583","not",32
"1584","nothing",9
"1585","now",30
"1586","npgxrqcc",1
"1587","npmmciq",1
"1588","nqeefxs",1
"1589","nrg",1
"1590","ntwrpxaxn",1
"1591","nufdtbllf",1
"1592","numb",1
"1593","number",4
"1594","numbers",1
"1595","nunqavbre",1
"1596","nurses",3
"1597","nutrition",1
"1598","nvdwsjqn",1
"1599","nwqpvbs",1
"1600","nxeqmbxvy",1
"1601","o",8
"1602","oaowwmp",1
"1603","oath",1
"1604","obligation",2
"1605","obrador",2
"1606","observing",2
"1607","occasion",1
"1608","occur",1
"1609","ocjtnefaf",1
"1610","oclanhsnat",1
"1611","odfrbxcoy",1
"1612","oexoxggow",1
"1613","of",249
"1614","off",2
"1615","offer",1
"1616","office",21
"1617","officer",2
"1618","official",2
"1619","officially",3
"1620","officials",1
"1621","often",3
"1622","ogtrsom",1
"1623","ohio",1
"1624","ohjcfsgopq",1
"1625","ohocvzbn",1
"1626","ohsbda",1
"1627","ohuzcfnj",1
"1628","ohyapbsor",1
"1629","oklahoma",1
"1630","okplblumi",1
"1631","okwkfls",1
"1632","olbkzasfp",1
"1633","older",1
"1634","olldlnkgu",1
"1635","oltsafgfg",1
"1636","on",103
"1637","onbecihsz",1
"1638","once",11
"1639","oncology",1
"1640","one",41
"1641","ones",2
"1642","ongoing",1
"1643","only",2
"1644","ooljqhz",1
"1645","open",4
"1646","opened",2
"1647","opening",1
"1648","operations",1
"1649","opportunity",5
"1650","optimistic",1
"1651","option",1
"1652","oqivl",1
"1653","oqmaouh",1
"1654","or",15
"1655","order",4
"1656","orders",1
"1657","ordinary",2
"1658","organi",1
"1659","organizations",1
"1660","organize",3
"1661","orientation",1
"1662","orthodox",1
"1663","osptjzk",1
"1664","other",10
"1665","others",4
"1666","ottcsgvo",1
"1667","ou",1
"1668","our",125
"1669","ourselves",1
"1670","out",21
"1671","outcomes",1
"1672","outside",1
"1673","ova",1
"1674","oval",4
"1675","ovceirve",1
"1676","over",18
"1677","overcoming",2
"1678","overdue",3
"1679","own",3
"1680","owned",1
"1681","owners",1
"1682","oxouooq",1
"1683","p",2
"1684","pa",1
"1685","pacific",3
"1686","package",4
"1687","page",1
"1688","paid",2
"1689","pain",3
"1690","palestinians",1
"1691","pandem",1
"1692","pandemic",19
"1693","pare",1
"1694","parents",3
"1695","paris",4
"1696","part",5
"1697","parti",1
"1698","partisan",2
"1699","partisanship",1
"1700","partners",1
"1701","partnersh",1
"1702","partnership",5
"1703","pass",16
"1704","passage",2
"1705","passed",8
"1706","passing",6
"1707","passions",1
"1708","passover",1
"1709","past",9
"1710","pat",1
"1711","path",3
"1712","patients",1
"1713","patrick",3
"1714","patriotic",1
"1715","patyszwffu",1
"1716","pause",1
"1717","pay",12
"1718","paycheck",2
"1719","paying",6
"1720","payments",4
"1721","pcijdarpn",1
"1722","pdpjpwnydo",1
"1723","peace",2
"1724","pelosi",1
"1725","pemic",1
"1726","pennsylvania",1
"1727","people",46
"1728","percent",2
"1729","period",5
"1730","pernicious",1
"1731","perseverance",2
"1732","person",2
"1733","personal",1
"1734","persons",1
"1735","peyugyhvkg",1
"1736","pfizer",7
"1737","pharmacies",1
"1738","philadelphia",2
"1739","philip",1
"1740","phrnlt",1
"1741","pipeline",1
"1742","pipvsqisx",1
"1743","pittsburgh",2
"1744","pjkecqodi",1
"1745","pjlxnbzo",1
"1746","pjnivqxa",1
"1747","pkuqpwnrbk",1
"1748","pl",2
"1749","pla",1
"1750","place",1
"1751","places",1
"1752","plain",1
"1753","plan",87
"1754","planet",2
"1755","plant",1
"1756","play",1
"1757","please",1
"1758","pleased",1
"1759","pleasure",1
"1760","pledged",1
"1761","pm",2
"1762","pnsbftqjj",1
"1763","podium",1
"1764","police",2
"1765","policies",1
"1766","policing",1
"1767","policy",3
"1768","politicians",1
"1769","portrait",1
"1770","position",1
"1771","possible",5
"1772","pov",1
"1773","poverty",3
"1774","power",5
"1775","powerful",1
"1776","ppofcvzj",1
"1777","pqjqwgljqp",1
"1778","pr",1
"1779","prayers",3
"1780","prdsfeemm",1
"1781","pre",1
"1782","precious",1
"1783","pregnancy",1
"1784","prepare",1
"1785","pres",1
"1786","presence",1
"1787","preside",1
"1788","president",39
"1789","presidential",1
"1790","presidents",1
"1791","press",1
"1792","prevailed",1
"1793","preventing",1
"1794","prevention",1
"1795","previous",1
"1796","price",1
"1797","pride",1
"1798","prijo",1
"1799","prime",11
"1800","primeministergr",1
"1801","prince",1
"1802","principles",1
"1803","prioritize",2
"1804","priority",2
"1805","privilege",3
"1806","privileges",1
"1807","pro",3
"1808","problems",1
"1809","process",1
"1810","production",1
"1811","prof",1
"1812","program",6
"1813","programs",1
"1814","progress",14
"1815","proliferation",1
"1816","promise",1
"1817","promised",4
"1818","promot",1
"1819","promote",1
"1820","proof",1
"1821","prop",1
"1822","properly",1
"1823","prosperity",1
"1824","protect",6
"1825","protection",1
"1826","protections",1
"1827","proterra",1
"1828","proud",8
"1829","prov",1
"1830","proved",2
"1831","provide",7
"1832","provides",1
"1833","providing",1
"1834","proving",1
"1835","psbvlaupmt",1
"1836","pssqiej",1
"1837","ptjhmnsx",1
"1838","ptkfysguj",1
"1839","publ",1
"1840","public",5
"1841","pundhnm",1
"1842","purce",1
"1843","purcent",1
"1844","purpose",1
"1845","pursue",1
"1846","pursued",1
"1847","put",7
"1848","putting",3
"1849","puxrmftrk",1
"1850","pvjvkwer",1
"1851","qcjgeuoic",1
"1852","qcscctnq",1
"1853","qcwurzbvf",1
"1854","qdnynhpdn",1
"1855","qgrtgvh",1
"1856","qhgarzvq",1
"1857","qitzbtotk",1
"1858","qjaakkzux",1
"1859","qjexvbcl",1
"1860","qjlimzug",1
"1861","qkclmqw",1
"1862","qlgjmumf",1
"1863","qmogtdxjv",1
"1864","qnbrshos",1
"1865","qobmqrnb",1
"1866","qpgsu",1
"1867","qpijbxsh",1
"1868","qpjapzy",1
"1869","qpmfupf",1
"1870","qpmipryv",1
"1871","qppcaoqb",1
"1872","qprfbbxdr",1
"1873","qrrtrikia",1
"1874","qsljbcovc",1
"1875","qterzlluk",1
"1876","qtjcoufhe",1
"1877","quad",1
"1878","quality",6
"1879","questions",3
"1880","qufssq",1
"1881","quick",1
"1882","quickly",6
"1883","quljiryfqn",1
"1884","qvzoonkrk",1
"1885","qwkesly",1
"1886","qxqirhepp",1
"1887","qykbigopy",1
"1888","qzhcekji",1
"1889","qztumceuzg",1
"1890","r",5
"1891","ra",1
"1892","race",2
"1893","racial",1
"1894","radiation",1
"1895","raging",1
"1896","rail",2
"1897","raimondo",1
"1898","raise",2
"1899","raised",2
"1900","rally",1
"1901","ramadan",1
"1902","ramgmadfe",1
"1903","ramp",1
"1904","ran",1
"1905","ranks",2
"1906","rapinoe",1
"1907","rate",2
"1908","rbsfanfcej",1
"1909","re",45
"1910","reach",2
"1911","reached",1
"1912","reaching",1
"1913","reading",1
"1914","ready",2
"1915","reaffirm",2
"1916","real",5
"1917","reality",3
"1918","really",1
"1919","reason",3
"1920","reasons",1
"1921","rebuild",9
"1922","recall",1
"1923","recap",1
"1924","receive",3
"1925","received",3
"1926","recent",1
"1927","recently",1
"1928","recipients",1
"1929","recognize",3
"1930","recommend",1
"1931","recommended",1
"1932","record",2
"1933","recorded",1
"1934","recovery",2
"1935","rededicate",1
"1936","reduce",5
"1937","reed",1
"1938","reflect",1
"1939","reform",1
"1940","refugee",2
"1941","refuse",1
"1942","reimagine",1
"1943","rejoined",2
"1944","rel",1
"1945","relat",1
"1946","relent",1
"1947","reliable",1
"1948","relief",12
"1949","remarkable",1
"1950","remarks",16
"1951","remember",6
"1952","remembrance",1
"1953","reminded",1
"1954","renewal",1
"1955","renewed",1
"1956","renewing",1
"1957","rent",1
"1958","reoitxxedj",1
"1959","reopened",1
"1960","reopening",1
"1961","repealed",1
"1962","report",5
"1963","represents",2
"1964","reproductive",1
"1965","republic",1
"1966","republican",2
"1967","republicans",2
"1968","requires",1
"1969","rescue",52
"1970","researchers",1
"1971","resili",1
"1972","resilient",2
"1973","resist",1
"1974","resolve",1
"1975","respect",4
"1976","response",9
"1977","responsible",1
"1978","rest",1
"1979","restaurant",1
"1980","restore",3
"1981","resulted",1
"1982","results",1
"1983","return",3
"1984","reunification",1
"1985","reunite",1
"1986","review",1
"1987","revitalization",1
"1988","rewarded",1
"1989","rhtfzjakg",1
"1990","rich",1
"1991","rides",1
"1992","right",19
"1993","rights",8
"1994","rigorous",1
"1995","rise",1
"1996","rising",2
"1997","risk",2
"1998","rkshkcagr",1
"1999","rlyxmxrqe",1
"2000","rnzrjzebbz",1
"2001","road",1
"2002","roads",3
"2003","robant",1
"2004","roe",1
"2005","rogiqmlf",1
"2006","role",2
"2007","roll",1
"2008","rolling",1
"2009","roof",3
"2010","rouge",2
"2011","rounded",1
"2012","roundtable",1
"2013","rover",1
"2014","rrmbxmaqt",1
"2015","rrzgzh",1
"2016","rswgcjwctc",1
"2017","rtodfozox",1
"2018","rule",1
"2019","running",2
"2020","rupphsxyt",1
"2021","russia",1
"2022","rvbbuc",1
"2023","rvcpkrltgf",1
"2024","rvdpfsrlva",1
"2025","rvsfqycm",1
"2026","rwjehph",1
"2027","rypvjyas",1
"2028","s",203
"2029","sa",1
"2030","sacred",4
"2031","sacrifice",1
"2032","sacrificed",1
"2033","sadness",1
"2034","sadtjcf",1
"2035","saf",1
"2036","safe",6
"2037","safely",1
"2038","safety",4
"2039","said",11
"2040","salienc",1
"2041","sanctions",1
"2042","saohhtnkp",1
"2043","sat",2
"2044","saturday",1
"2045","save",5
"2046","saved",1
"2047","saving",2
"2048","say",5
"2049","saying",1
"2050","says",1
"2051","sbpwmmtlug",1
"2052","scarred",1
"2053","schiff",1
"2054","school",3
"2055","schools",3
"2056","schumer",1
"2057","science",3
"2058","scientific",1
"2059","scientists",2
"2060","scmobzicn",1
"2061","sco",1
"2062","scorns",1
"2063","sdvlyinx",1
"2064","sdwjvfyco",1
"2065","se",1
"2066","seadgj",1
"2067","season",3
"2068","secbecerra",1
"2069","secgranholm",1
"2070","second",4
"2071","secre",1
"2072","secretary",6
"2073","secretarypete",1
"2074","secure",1
"2075","securing",1
"2076","security",2
"2077","see",4
"2078","seeing",1
"2079","seeking",1
"2080","seen",7
"2081","segregation",1
"2082","selfless",1
"2083","selma",1
"2084","seminary",1
"2085","senate",9
"2086","senators",3
"2087","send",6
"2088","sending",2
"2089","sends",2
"2090","senschumer",1
"2091","sense",3
"2092","sent",4
"2093","separated",1
"2094","serve",4
"2095","served",2
"2096","service",5
"2097","serving",2
"2098","session",2
"2099","set",5
"2100","setting",2
"2101","settings",2
"2102","sexual",1
"2103","shall",1
"2104","shaped",1
"2105","shar",1
"2106","share",6
"2107","shared",2
"2108","shattered",1
"2109","sho",1
"2110","shocking",1
"2111","shooti",1
"2112","shooting",1
"2113","shootings",1
"2114","short",1
"2115","shot",5
"2116","shots",13
"2117","should",27
"2118","shouldn",1
"2119","show",1
"2120","shown",2
"2121","shows",1
"2122","shut",1
"2123","sick",1
"2124","sicknick",1
"2125","sign",2
"2126","signed",12
"2127","significant",1
"2128","signin",1
"2129","signing",4
"2130","signs",2
"2131","silence",1
"2132","silent",1
"2133","simple",5
"2134","simply",3
"2135","since",10
"2136","sincere",1
"2137","single",5
"2138","site",4
"2139","sites",1
"2140","situation",1
"2141","sleeves",1
"2142","slogans",1
"2143","slslgdltf",1
"2144","sma",1
"2145","small",10
"2146","smqdpnmga",1
"2147","smszmxpyo",1
"2148","so",20
"2149","soccer",1
"2150","socially",3
"2151","solkkgcj",1
"2152","solutions",1
"2153","solve",2
"2154","some",1
"2155","somebody",1
"2156","something",1
"2157","son",1
"2158","sonreyvtvy",1
"2159","soon",2
"2160","sooner",4
"2161","sorrow",1
"2162","soul",2
"2163","south",2
"2164","southeast",1
"2165","sozapybot",1
"2166","speak",2
"2167","speaker",2
"2168","speakerpelosi",1
"2169","speaking",1
"2170","special",6
"2171","speed",5
"2172","spike",1
"2173","spoke",4
"2174","spqezlbtdn",1
"2175","spreading",1
"2176","sqscpbiz",1
"2177","st",9
"2178","stadium",1
"2179","staff",4
"2180","stage",1
"2181","stand",3
"2182","standing",1
"2183","stands",1
"2184","stared",1
"2185","staring",1
"2186","start",5
"2187","starting",3
"2188","state",5
"2189","statedept",1
"2190","statehouses",1
"2191","statement",1
"2192","states",19
"2193","station",1
"2194","stations",1
"2195","stay",2
"2196","steadfast",1
"2197","step",5
"2198","stepped",1
"2199","stepping",1
"2200","steps",3
"2201","sti",1
"2202","still",7
"2203","stimulu",1
"2204","stimulus",1
"2205","stop",6
"2206","stopped",4
"2207","stopping",1
"2208","store",1
"2209","story",4
"2210","stpknntm",1
"2211","straight",1
"2212","strained",1
"2213","strategy",1
"2214","street",2
"2215","streng",1
"2216","strengt",1
"2217","strength",1
"2218","strengthen",3
"2219","strengthening",1
"2220","stro",1
"2221","strong",4
"2222","stronger",4
"2223","struggle",1
"2224","struggling",7
"2225","students",2
"2226","study",2
"2227","such",1
"2228","suffering",2
"2229","suga",4
"2230","summit",2
"2231","sunday",1
"2232","super",3
"2233","superbowl",1
"2234","supplies",2
"2235","supply",3
"2236","support",3
"2237","supported",2
"2238","sure",5
"2239","surface",1
"2240","survived",1
"2241","sustainable",1
"2242","swami",1
"2243","swegthfs",1
"2244","swift",2
"2245","syst",1
"2246","syste",1
"2247","system",5
"2248","t",671
"2249","table",3
"2250","tackl",1
"2251","tackle",5
"2252","tackling",1
"2253","tagajvdp",1
"2254","take",9
"2255","taken",3
"2256","takeoff",1
"2257","taking",12
"2258","talk",1
"2259","talked",1
"2260","tammy",1
"2261","tampa",1
"2262","task",1
"2263","taught",1
"2264","tax",10
"2265","taylor",1
"2266","tdgunh",1
"2267","tdqrsyri",1
"2268","teacher",1
"2269","teachers",4
"2270","team",3
"2271","teams",1
"2272","teamwork",1
"2273","tell",1
"2274","ten",1
"2275","term",1
"2276","terms",1
"2277","territories",3
"2278","tested",1
"2279","testing",1
"2280","texas",6
"2281","th",26
"2282","tha",3
"2283","than",21
"2284","thank",13
"2285","thanks",2
"2286","that",118
"2287","the",696
"2288","their",35
"2289","them",11
"2290","themselves",2
"2291","then",4
"2292","theological",1
"2293","ther",1
"2294","there",33
"2295","these",6
"2296","they",17
"2297","thi",1
"2298","thing",3
"2299","things",6
"2300","think",6
"2301","thinking",2
"2302","third",2
"2303","thirty",1
"2304","this",140
"2305","tho",1
"2306","thomas",1
"2307","those",10
"2308","thought",1
"2309","thoughts",1
"2310","thousands",1
"2311","thre",1
"2312","threat",3
"2313","three",9
"2314","throu",1
"2315","through",15
"2316","throughout",2
"2317","throws",1
"2318","thursday",1
"2319","thxmjncn",1
"2320","tidewater",1
"2321","tie",1
"2322","time",47
"2323","timely",1
"2324","times",1
"2325","tivzcwmz",1
"2326","tiyoqvrz",1
"2327","tkhmpare",1
"2328","tlzzmpmuju",1
"2329","to",456
"2330","tod",1
"2331","today",67
"2332","together",11
"2333","tomorrow",3
"2334","tonight",11
"2335","too",12
"2336","took",23
"2337","tools",1
"2338","top",3
"2339","touched",1
"2340","tough",4
"2341","tour",3
"2342","touring",2
"2343","toward",3
"2344","town",1
"2345","tpbttr",1
"2346","tps",2
"2347","tpzfii",1
"2348","track",2
"2349","tracks",1
"2350","trade",2
"2351","traditional",1
"2352","tragedies",1
"2353","tragedy",1
"2354","tragic",1
"2355","trains",2
"2356","transformational",1
"2357","transgender",3
"2358","transit",1
"2359","transphobia",1
"2360","transportation",1
"2361","trauma",1
"2362","traveled",1
"2363","treasury",1
"2364","treated",2
"2365","trial",1
"2366","tribal",1
"2367","tribes",3
"2368","trickle",3
"2369","trillions",1
"2370","trip",2
"2371","tripled",1
"2372","troop",1
"2373","troops",3
"2374","trudeau",1
"2375","truly",2
"2376","truth",5
"2377","trzyywosy",1
"2378","ttvpgigv",1
"2379","tu",1
"2380","tuesday",1
"2381","tune",38
"2382","tuning",2
"2383","tunnel",1
"2384","turbine",1
"2385","turn",4
"2386","turned",1
"2387","tvagnuaxa",1
"2388","tvyznfks",1
"2389","twitter",2
"2390","twmao",1
"2391","two",11
"2392","txjymougl",1
"2393","tyfgphtvxh",1
"2394","typical",1
"2395","tyqyaine",1
"2396","tzgigzfi",1
"2397","tztadygh",1
"2398","u",9
"2399","ugpfxwgwl",1
"2400","ulcuyap",1
"2401","umiqg",1
"2402","un",1
"2403","unable",1
"2404","unaccept",1
"2405","unacceptable",1
"2406","uncertain",1
"2407","unconditional",1
"2408","undeniable",1
"2409","under",4
"2410","underestimate",1
"2411","underserved",1
"2412","understands",1
"2413","undervalued",1
"2414","undocumented",1
"2415","unfathomable",1
"2416","unimaginable",1
"2417","union",5
"2418","unions",1
"2419","unite",1
"2420","united",15
"2421","units",1
"2422","unity",3
"2423","universal",1
"2424","unknown",1
"2425","unlike",1
"2426","unlncvstxl",1
"2427","unmistakable",1
"2428","until",4
"2429","unuejwhpb",1
"2430","uoyxbpg",1
"2431","up",22
"2432","update",11
"2433","uplifting",1
"2434","uplujxd",1
"2435","upncouqar",1
"2436","uppjcbvyp",1
"2437","urge",2
"2438","urgent",1
"2439","urlhgrxnzr",1
"2440","urzciiges",1
"2441","us",17
"2442","usda",1
"2443","use",4
"2444","used",2
"2445","usher",1
"2446","ushers",1
"2447","using",1
"2448","usylhab",1
"2449","utmost",1
"2450","uuknldqbh",1
"2451","uxyfhvt",1
"2452","uybepxug",1
"2453","uyccpsoyd",1
"2454","uyefe",1
"2455","uyheffwe",1
"2456","v",12
"2457","va",1
"2458","vac",1
"2459","vacci",1
"2460","vaccinate",9
"2461","vaccinated",26
"2462","vaccinating",2
"2463","vaccination",13
"2464","vaccinations",5
"2465","vaccine",27
"2466","vaccines",6
"2467","vaehdauq",1
"2468","vaisakhi",1
"2469","values",2
"2470","variants",1
"2471","various",2
"2472","vast",1
"2473","vaxlive",1
"2474","vccnzxnxv",1
"2475","vdlfavdk",1
"2476","ve",35
"2477","vecqgesid",1
"2478","vehicle",2
"2479","veouybznk",1
"2480","verdict",3
"2481","vernon",1
"2482","version",1
"2483","very",1
"2484","veterans",2
"2485","vglcsdil",1
"2486","vhjbfzbs",1
"2487","vhremxybi",1
"2488","vice",19
"2489","victory",1
"2490","vietnam",1
"2491","vilsack",1
"2492","violenc",1
"2493","violence",6
"2494","virginia",1
"2495","virtual",1
"2496","virtually",3
"2497","virus",9
"2498","vision",2
"2499","visionary",2
"2500","visit",2
"2501","visited",4
"2502","visiting",3
"2503","vkbmpkxb",1
"2504","vkmlqclyx",1
"2505","vmsyqegevf",1
"2506","vmvokbesfz",1
"2507","vnwmxnqii",1
"2508","voavkyhao",1
"2509","voice",1
"2510","vote",4
"2511","voted",3
"2512","voting",6
"2513","vp",1
"2514","vpmlfscdms",1
"2515","vpxhankaco",1
"2516","vqtcnswsw",1
"2517","vrqlsel",1
"2518","vrtxhhcx",1
"2519","vsefmffyuf",1
"2520","vsvmkdn",1
"2521","vulnerable",1
"2522","vvsrzb",1
"2523","vwttkiss",1
"2524","vxisyjnmbm",1
"2525","vygozemul",1
"2526","vywvaeu",1
"2527","w",10
"2528","wa",2
"2529","wade",1
"2530","wage",4
"2531","waiting",1
"2532","waking",1
"2533","walensky",1
"2534","walk",1
"2535","wall",1
"2536","walter",2
"2537","want",10
"2538","wants",3
"2539","war",5
"2540","warm",1
"2541","warmest",3
"2542","warming",1
"2543","was",24
"2544","wash",3
"2545","washington",2
"2546","wasn",1
"2547","waste",5
"2548","watch",3
"2549","watched",1
"2550","water",5
"2551","way",18
"2552","ways",3
"2553","wbfnflxrm",1
"2554","wcqavohmte",1
"2555","we",269
"2556","wealthiest",1
"2557","wealthy",3
"2558","weapons",2
"2559","wear",9
"2560","wearing",3
"2561","wednesday",1
"2562","week",21
"2563","weekend",2
"2564","weeks",7
"2565","welcome",2
"2566","welcoming",2
"2567","well",1
"2568","went",1
"2569","were",10
"2570","weren",1
"2571","wh",2
"2572","what",10
"2573","whatever",1
"2574","when",40
"2575","where",4
"2576","whether",2
"2577","which",1
"2578","while",6
"2579","white",11
"2580","who",27
"2581","whole",3
"2582","whose",4
"2583","why",23
"2584","will",71
"2585","win",3
"2586","wind",1
"2587","wins",1
"2588","wish",1
"2589","wishes",5
"2590","wishing",1
"2591","with",80
"2592","withdrawal",1
"2593","within",3
"2594","without",1
"2595","witn",1
"2596","witnsuqwv",1
"2597","wkmrldbz",1
"2598","wktaqjkl",1
"2599","wlmjudchtx",1
"2600","wnxgumxii",1
"2601","women",8
"2602","won",3
"2603","wondering",1
"2604","wor",1
"2605","word",4
"2606","words",4
"2607","work",25
"2608","worke",1
"2609","worked",6
"2610","worker",3
"2611","workers",7
"2612","working",13
"2613","workplace",1
"2614","works",1
"2615","world",16
"2616","worst",1
"2617","worth",1
"2618","worthy",1
"2619","would",3
"2620","wouldn",1
"2621","wqmuipiiwo",1
"2622","wquukcm",1
"2623","wqwaanznf",1
"2624","wqzqebvuar",1
"2625","wrapped",2
"2626","wrenchi",1
"2627","wright",1
"2628","write",1
"2629","writing",1
"2630","wrong",2
"2631","wrtqrvab",1
"2632","wsdxmmp",1
"2633","wsnicf",1
"2634","wsrdgnyq",1
"2635","wtygcsaob",1
"2636","wwlbmo",1
"2637","wydjkpqya",1
"2638","wyeijlhfd",1
"2639","wzmopnre",1
"2640","x",117
"2641","xbvnvxlvjf",1
"2642","xbvrdibe",1
"2643","xcmtbn",1
"2644","xdkcrsk",1
"2645","xeupteqd",1
"2646","xfnwvsgc",1
"2647","xgcgxvt",1
"2648","xgtkfdekhb",1
"2649","xi",1
"2650","xjjgmkyz",1
"2651","xjryiptw",1
"2652","xjwrcilwzl",1
"2653","xkovxycwk",1
"2654","xlkpaacku",1
"2655","xlqushyzm",1
"2656","xlsowitg",1
"2657","xlujocoepz",1
"2658","xlzsjqmyd",1
"2659","xnmmqzqgu",1
"2660","xqemcxuebb",1
"2661","xqtkzgjsi",1
"2662","xrfdybg",1
"2663","xttivkpxb",1
"2664","xuyjusqnb",1
"2665","xvqvlkt",1
"2666","xwhgqmk",1
"2667","xxczujlgd",1
"2668","xxmmuowxjm",1
"2669","xxquwfywk",1
"2670","xyqtmiwk",1
"2671","xyvopjqt",1
"2672","xyvwjzyk",1
"2673","xznostegj",1
"2674","yauhymzwc",1
"2675","yayoc",1
"2676","ybsvjgdhp",1
"2677","ybvehtpnfa",1
"2678","ybwsnunbp",1
"2679","ycfjkjl",1
"2680","year",19
"2681","years",15
"2682","yeats",1
"2683","yes",1
"2684","yesterday",9
"2685","yet",3
"2686","yiftmxnhea",1
"2687","yirbnzvy",1
"2688","yjqwktg",1
"2689","ylzbjwhg",1
"2690","ymantgtbq",1
"2691","yo",1
"2692","yojflkgwp",1
"2693","you",47
"2694","young",1
"2695","your",24
"2696","yours",2
"2697","yourself",1
"2698","ypgwxxqdl",1
"2699","ypwvwnxbg",1
"2700","yquimrpm",1
"2701","yqyrbzwqu",1
"2702","yvicfanrjr",1
"2703","yvikwrjdg",1
"2704","yvvytcrqcf",1
"2705","ywofceq",1
"2706","yxhbihlqf",1
"2707","yxsnvbwzh",1
"2708","yxzouykgo",1
"2709","zarpovhbmy",1
"2710","zcpzqgg",1
"2711","zcypbqhmj",1
"2712","zdetvzwc",1
"2713","zdzqadzph",1
"2714","zdztszvdrg",1
"2715","zedf",1
"2716","zeggkkdz",1
"2717","zero",2
"2718","zeyqwcsg",1
"2719","zfslttkimy",1
"2720","zfwyzxowl",1
"2721","ziznsbsjug",1
"2722","zjxeokxomm",1
"2723","zlmdcjumgh",1
"2724","zmdhqpy",1
"2725","znyhxkqypn",1
"2726","zovdkhxa",1
"2727","zpovwssx",1
"2728","zqenuyato",1
"2729","zqkpgg",1
"2730","zqpyvgaoqn",1
"2731","zrwamsqb",1
"2732","zvompuim",1
"2733","zvwgzsb",1
"2734","zwguetxgx",1
"2735","zwowyei",1
"2736","zxhgadtygc",1
"2737","zxrbqlyz",1
"2738","zygthwqfmj",1
"2739","zzrzjonem",1
